row_type,metric_id,file,method,domain,operation,classification,stimulus,outcome,http_status,side_effect,expected_max,notes
summary,REL-IDEMPOTENCY-METHODS,,,,,distinct_method_count,,36,,,,Distinct methods tagged with this metric_id
summary,REL-DUPLICATE-SIDE-EFFECT-METHODS,,,,,distinct_method_count,,31,,,,Distinct methods tagged with this metric_id
summary,REL-ROLLBACK-METHODS,,,,,distinct_method_count,,1,,,,Distinct methods tagged with this metric_id
summary,REL-ATOMICITY-METHODS,,,,,distinct_method_count,,5,,,,Distinct methods tagged with this metric_id
summary,REL-AFTERCOMMIT-SAFETY-METHODS,,,,,distinct_method_count,,2,,,,Distinct methods tagged with this metric_id
summary,REL-STALE-STATE-REJECTION-METHODS,,,,,distinct_method_count,,22,,,,Distinct methods tagged with this metric_id
summary,CONC-OPTIMISTIC-CONFLICT-METHODS,,,,,distinct_method_count,,3,,,,Distinct methods tagged with this metric_id
summary,CONC-APPOINTMENT-METHODS,,,,,distinct_method_count,,9,,,,Distinct methods tagged with this metric_id
summary,PAY-IDEMPOTENCY-METHODS,,,,,distinct_method_count,,9,,,,Distinct methods tagged with this metric_id
summary,PAY-UNIQUENESS-METHODS,,,,,distinct_method_count,,2,,,,Distinct methods tagged with this metric_id
summary,PAY-CONCURRENCY-INTEGRITY-METHODS,,,,,distinct_method_count,,2,,,,Distinct methods tagged with this metric_id
summary,PAY-WEBHOOK-IDEMPOTENCY-METHODS,,,,,distinct_method_count,,1,,,,Distinct methods tagged with this metric_id
summary,PAY-MONEY-PRECISION-METHODS,,,,,distinct_method_count,,6,,,,Distinct methods tagged with this metric_id
summary,LIC-ISSUANCE-INTEGRITY-METHODS,,,,,distinct_method_count,,9,,,,Distinct methods tagged with this metric_id
summary,LIC-DUPLICATE-PREVENTION-METHODS,,,,,distinct_method_count,,6,,,,Distinct methods tagged with this metric_id
summary,LIC-STALE-REVALIDATION-METHODS,,,,,distinct_method_count,,1,,,,Distinct methods tagged with this metric_id
summary,NOTIF-IDEMPOTENCY-METHODS,,,,,distinct_method_count,,8,,,,Distinct methods tagged with this metric_id
summary,NOTIF-TX-SAFETY-METHODS,,,,,distinct_method_count,,3,,,,Distinct methods tagged with this metric_id
summary,PUSH-RETRY-METHODS,,,,,distinct_method_count,,9,,,,Distinct methods tagged with this metric_id
summary,PUSH-TERMINAL-NO-RESEND-METHODS,,,,,distinct_method_count,,9,,,,Distinct methods tagged with this metric_id
summary,PUSH-RECOVERY-METHODS,,,,,distinct_method_count,,9,,,,Distinct methods tagged with this metric_id
summary,REL-SESSION-LIFECYCLE-METHODS,,,,,distinct_method_count,,6,,,,Distinct methods tagged with this metric_id
summary,AI-RELIABILITY-METHODS,,,,,distinct_method_count,,9,,,,Distinct methods tagged with this metric_id
summary,AI-STALE-GUARD-METHODS,,,,,distinct_method_count,,9,,,,Distinct methods tagged with this metric_id
summary,AI-CANCEL-NO-MUTATION-METHODS,,,,,distinct_method_count,,4,,,,Distinct methods tagged with this metric_id
summary,REL-RECOVERY-METHODS,,,,,distinct_method_count,,6,,,,Distinct methods tagged with this metric_id
summary,CONC-LOCK-CALLS,,,app,lockForUpdate,implementation_metric_not_outcome,,56,,,,"18 files; IMPLEMENTATION METRIC, NOT OUTCOME METRIC"
summary,IMPL-LOCKFORUPDATE,,,app,lockForUpdate,impl_count_alias,,56,,,,Alias of CONC-LOCK-CALLS; 18 files
summary,IMPL-DB-TRANSACTION,,,app,DB::transaction(,impl_count,,68,,,,28 files
summary,IMPL-DB-AFTERCOMMIT,,,app,DB::afterCommit(,impl_count,,1,,,,app/Modules/Notifications/Services/NotificationService.php
summary,CONC-OPTIMISTIC-ENTITIES,,,schema,version fields,entity_count,,3,409,,,"AppointmentSlot, Role, Fee"
summary,CONC-LOCKED-DOMAINS,,,architecture,lockForUpdate domains,ratio,,13-Nov,,,,WITH-BEHAVIORAL-TESTS / IDENTIFIED
summary,REL-DB-INVARIANTS,,,schema,critical unique constraints,invariant_set,,12,,,,Conservative critical set
summary,REL-DB-INVARIANTS-TESTED,,,schema,tested invariants,ratio,,12-Jul,,,,Direct QueryException or create-reject evidence
summary,REL-UNIQUE-METHODS,,,inventory,unique methods in inventory,method_count,,107,,,,Do not sum metric columns
method,PAY-MONEY-PRECISION-METHODS,tests/Feature/PaymentConcurrencyAndIntegrityTest.php,test_money_to_minor_units_exact_without_float,payments,Money::toMinorUnits/equals,money_precision,decimal strings USD/SYP/JPY,exact minor units; equals ignores trailing zeros,,none,,Exact minor-unit math without float drift.
method,PAY-MONEY-PRECISION-METHODS,tests/Feature/PaymentConcurrencyAndIntegrityTest.php,test_money_rejects_excess_precision,payments,Money::toMinorUnits,money_precision,USD with 3 fractional digits,InvalidArgumentException,,none,,Rejects excess fractional precision.
method,PAY-IDEMPOTENCY-METHODS,tests/Feature/PaymentConcurrencyAndIntegrityTest.php,test_duplicate_initiation_reuses_active_attempt,payments,POST /api/applications/{id}/payments,idempotent_reuse,second create while pending exists,same payment id; one payment row,200,payment_row,1,Duplicate initiation reuses active attempt.
method,REL-IDEMPOTENCY-METHODS,tests/Feature/PaymentConcurrencyAndIntegrityTest.php,test_duplicate_initiation_reuses_active_attempt,payments,POST /api/applications/{id}/payments,idempotent_reuse,second create while pending exists,same payment id; one payment row,200,payment_row,1,Duplicate initiation reuses active attempt.
method,REL-DUPLICATE-SIDE-EFFECT-METHODS,tests/Feature/PaymentConcurrencyAndIntegrityTest.php,test_duplicate_initiation_reuses_active_attempt,payments,POST /api/applications/{id}/payments,idempotent_reuse,second create while pending exists,same payment id; one payment row,200,payment_row,1,Duplicate initiation reuses active attempt.
method,PAY-CONCURRENCY-INTEGRITY-METHODS,tests/Feature/PaymentConcurrencyAndIntegrityTest.php,test_duplicate_initiation_reuses_active_attempt,payments,POST /api/applications/{id}/payments,idempotent_reuse,second create while pending exists,same payment id; one payment row,200,payment_row,1,Duplicate initiation reuses active attempt.
method,PAY-UNIQUENESS-METHODS,tests/Feature/PaymentConcurrencyAndIntegrityTest.php,test_provider_reference_unique_constraint,payments,payments.provider_reference unique,db_invariant,second row same provider_reference,QueryException,,insert_rejected,1,DB uniqueness on provider_reference.
method,PAY-UNIQUENESS-METHODS,tests/Feature/PaymentConcurrencyAndIntegrityTest.php,test_settled_obligation_key_unique,payments,payments.settled_obligation_key unique,db_invariant,second completed same settled_obligation_key,QueryException,,insert_rejected,1,Prevents double-settlement of same obligation.
method,PAY-IDEMPOTENCY-METHODS,tests/Feature/PaymentConcurrencyAndIntegrityTest.php,test_settled_obligation_key_unique,payments,payments.settled_obligation_key unique,db_invariant,second completed same settled_obligation_key,QueryException,,insert_rejected,1,Prevents double-settlement of same obligation.
method,PAY-IDEMPOTENCY-METHODS,tests/Feature/PaymentFlowTest.php,test_create_payment_is_idempotent_when_pending_exists,payments,POST /api/applications/{id}/payments,idempotent_reuse,repeated create with pending,same payment id,200,payment_row,1,Pending create idempotent by id reuse.
method,REL-IDEMPOTENCY-METHODS,tests/Feature/PaymentFlowTest.php,test_create_payment_is_idempotent_when_pending_exists,payments,POST /api/applications/{id}/payments,idempotent_reuse,repeated create with pending,same payment id,200,payment_row,1,Pending create idempotent by id reuse.
method,PAY-IDEMPOTENCY-METHODS,tests/Feature/PaymentFlowTest.php,test_cannot_confirm_payment_twice,payments,POST .../payments/{id}/confirm,duplicate_reject,second confirm after completed,422,422,confirm,1,Double confirm rejected.
method,REL-DUPLICATE-SIDE-EFFECT-METHODS,tests/Feature/PaymentFlowTest.php,test_cannot_confirm_payment_twice,payments,POST .../payments/{id}/confirm,duplicate_reject,second confirm after completed,422,422,confirm,1,Double confirm rejected.
method,REL-STALE-STATE-REJECTION-METHODS,tests/Feature/PaymentFlowTest.php,test_cannot_confirm_payment_twice,payments,POST .../payments/{id}/confirm,duplicate_reject,second confirm after completed,422,422,confirm,1,Double confirm rejected.
method,PAY-WEBHOOK-IDEMPOTENCY-METHODS,tests/Feature/PaymentStripeTest.php,test_duplicate_webhook_is_idempotent,payments,POST /api/webhooks/stripe completed,webhook_idempotency,identical webhook twice,both OK; one completed payment,200,payment_status,1,Duplicate Stripe webhook does not re-settle.
method,PAY-IDEMPOTENCY-METHODS,tests/Feature/PaymentStripeTest.php,test_duplicate_webhook_is_idempotent,payments,POST /api/webhooks/stripe completed,webhook_idempotency,identical webhook twice,both OK; one completed payment,200,payment_status,1,Duplicate Stripe webhook does not re-settle.
method,REL-IDEMPOTENCY-METHODS,tests/Feature/PaymentStripeTest.php,test_duplicate_webhook_is_idempotent,payments,POST /api/webhooks/stripe completed,webhook_idempotency,identical webhook twice,both OK; one completed payment,200,payment_status,1,Duplicate Stripe webhook does not re-settle.
method,PAY-IDEMPOTENCY-METHODS,tests/Feature/PaymentStripeTest.php,test_cannot_create_payment_when_completed_row_exists_for_fee,payments,POST /api/applications/{id}/payments,duplicate_reject,create after completed fee payment,422 already_completed,422,payment_create,0,Blocks new attempt when fee settled.
method,REL-DUPLICATE-SIDE-EFFECT-METHODS,tests/Feature/PaymentStripeTest.php,test_cannot_create_payment_when_completed_row_exists_for_fee,payments,POST /api/applications/{id}/payments,duplicate_reject,create after completed fee payment,422 already_completed,422,payment_create,0,Blocks new attempt when fee settled.
method,PAY-IDEMPOTENCY-METHODS,tests/Feature/PaymentStripeTest.php,test_cannot_create_second_stripe_payment_after_successful_flow,payments,POST /api/applications/{id}/payments,duplicate_reject,second create after status completed,422,422,payment_create,0,Post-success create blocked.
method,REL-DUPLICATE-SIDE-EFFECT-METHODS,tests/Feature/PaymentStripeTest.php,test_cannot_create_second_stripe_payment_after_successful_flow,payments,POST /api/applications/{id}/payments,duplicate_reject,second create after status completed,422,422,payment_create,0,Post-success create blocked.
method,PAY-CONCURRENCY-INTEGRITY-METHODS,tests/Feature/PaymentStripeTest.php,test_stripe_manual_confirm_is_disabled,payments,POST .../payments/{id}/confirm under stripe,provider_integrity,manual confirm when provider=stripe,400 manual_confirm_disabled,400,confirm_blocked,0,Stripe path disables manual confirm (payment integrity).
method,PAY-MONEY-PRECISION-METHODS,tests/Feature/ApplicationFeeUsdCatalogTest.php,test_usd_minor_unit_conversion_is_exact,payments,Money::toMinorUnits USD,money_precision,catalog/sample amounts,exact minor units,,none,,USD minor-unit conversion exact.
method,PAY-MONEY-PRECISION-METHODS,tests/Feature/ApplicationFeeUsdCatalogTest.php,test_client_cannot_override_amount_or_currency,payments,POST payments with client amount/currency,money_precision,client sends amount=1.00 currency=EUR,server snapshots catalog USD amount,200,amount_snapshot,1,Client cannot override fee amount/currency.
method,PAY-MONEY-PRECISION-METHODS,tests/Feature/ApplicationFeeUsdCatalogTest.php,test_currency_mismatch_moves_payment_to_under_verification,payments,Stripe webhook currency mismatch,money_precision,webhook currency eur vs USD payment,UnderVerification; app stays PaymentPending,200,under_verification,1,Currency mismatch financial integrity (underpayment verification).
method,PAY-MONEY-PRECISION-METHODS,tests/Feature/ApplicationFeeUsdCatalogTest.php,test_amount_mismatch_moves_payment_to_under_verification,payments,Stripe webhook amount mismatch,money_precision,webhook amount_total 999 vs expected,UnderVerification,200,under_verification,1,Amount mismatch financial integrity.
method,PAY-IDEMPOTENCY-METHODS,tests/Feature/DashboardPaymentManagementTest.php,test_verify_stripe_payment_completes_idempotently,payments,POST /api/dashboard/payments/{id}/verify,idempotent_reuse,verify twice after Stripe paid,both OK; payment.completed audit count unchanged,200,payment.completed_audit,1,Dashboard verify idempotent on audits.
method,REL-IDEMPOTENCY-METHODS,tests/Feature/DashboardPaymentManagementTest.php,test_verify_stripe_payment_completes_idempotently,payments,POST /api/dashboard/payments/{id}/verify,idempotent_reuse,verify twice after Stripe paid,both OK; payment.completed audit count unchanged,200,payment.completed_audit,1,Dashboard verify idempotent on audits.
method,REL-DUPLICATE-SIDE-EFFECT-METHODS,tests/Feature/DashboardPaymentManagementTest.php,test_verify_stripe_payment_completes_idempotently,payments,POST /api/dashboard/payments/{id}/verify,idempotent_reuse,verify twice after Stripe paid,both OK; payment.completed audit count unchanged,200,payment.completed_audit,1,Dashboard verify idempotent on audits.
method,NOTIF-IDEMPOTENCY-METHODS,tests/Feature/NotificationIdempotencyTest.php,test_same_event_key_does_not_duplicate,notifications,NotificationService::notify,idempotent_dedupe,same event_key twice,one notification row,,notification,1,Event-key dedupe proven.
method,REL-IDEMPOTENCY-METHODS,tests/Feature/NotificationIdempotencyTest.php,test_same_event_key_does_not_duplicate,notifications,NotificationService::notify,idempotent_dedupe,same event_key twice,one notification row,,notification,1,Event-key dedupe proven.
method,REL-DUPLICATE-SIDE-EFFECT-METHODS,tests/Feature/NotificationIdempotencyTest.php,test_same_event_key_does_not_duplicate,notifications,NotificationService::notify,idempotent_dedupe,same event_key twice,one notification row,,notification,1,Event-key dedupe proven.
method,NOTIF-IDEMPOTENCY-METHODS,tests/Feature/NotificationIdempotencyTest.php,test_status_history_event_key_dedupes_reprocessing_same_history_row,notifications,notifyApplicationStatusChange reprocess,idempotent_dedupe,re-notify same history id,one ApplicationPaymentPending notification,,notification,1,History-keyed reprocessing deduped.
method,REL-IDEMPOTENCY-METHODS,tests/Feature/NotificationIdempotencyTest.php,test_status_history_event_key_dedupes_reprocessing_same_history_row,notifications,notifyApplicationStatusChange reprocess,idempotent_dedupe,re-notify same history id,one ApplicationPaymentPending notification,,notification,1,History-keyed reprocessing deduped.
method,REL-AFTERCOMMIT-SAFETY-METHODS,tests/Feature/NotificationTransactionSafetyTest.php,test_rolled_back_business_transaction_creates_no_notification,notifications,notify inside rolled-back DB::transaction,tx_safety,RuntimeException after notify,zero notifications,,notification,0,Rolled-back domain TX leaves no notification (afterCommit/tx safety).
method,REL-ROLLBACK-METHODS,tests/Feature/NotificationTransactionSafetyTest.php,test_rolled_back_business_transaction_creates_no_notification,notifications,notify inside rolled-back DB::transaction,tx_safety,RuntimeException after notify,zero notifications,,notification,0,Rolled-back domain TX leaves no notification (afterCommit/tx safety).
method,REL-ATOMICITY-METHODS,tests/Feature/NotificationTransactionSafetyTest.php,test_rolled_back_business_transaction_creates_no_notification,notifications,notify inside rolled-back DB::transaction,tx_safety,RuntimeException after notify,zero notifications,,notification,0,Rolled-back domain TX leaves no notification (afterCommit/tx safety).
method,NOTIF-TX-SAFETY-METHODS,tests/Feature/NotificationTransactionSafetyTest.php,test_rolled_back_business_transaction_creates_no_notification,notifications,notify inside rolled-back DB::transaction,tx_safety,RuntimeException after notify,zero notifications,,notification,0,Rolled-back domain TX leaves no notification (afterCommit/tx safety).
method,REL-AFTERCOMMIT-SAFETY-METHODS,tests/Feature/NotificationTransactionSafetyTest.php,test_notification_persist_failure_does_not_roll_back_business_success,notifications,FineService::create with failing notify persist,tx_safety,notification persist throws,fine committed; zero notifications,,fine_kept,1,Notification failure isolated from business commit.
method,REL-ATOMICITY-METHODS,tests/Feature/NotificationTransactionSafetyTest.php,test_notification_persist_failure_does_not_roll_back_business_success,notifications,FineService::create with failing notify persist,tx_safety,notification persist throws,fine committed; zero notifications,,fine_kept,1,Notification failure isolated from business commit.
method,NOTIF-TX-SAFETY-METHODS,tests/Feature/NotificationTransactionSafetyTest.php,test_notification_persist_failure_does_not_roll_back_business_success,notifications,FineService::create with failing notify persist,tx_safety,notification persist throws,fine committed; zero notifications,,fine_kept,1,Notification failure isolated from business commit.
method,NOTIF-IDEMPOTENCY-METHODS,tests/Feature/NotificationProductionReadinessTest.php,test_already_active_citizen_activation_does_not_spam_notifications,citizens,DashboardCitizenService::activate already active,idempotent_noop,activate twice on active citizen,zero AccountActivated notifications,,notification,0,No-op activation emits no spam.
method,REL-IDEMPOTENCY-METHODS,tests/Feature/NotificationProductionReadinessTest.php,test_already_active_citizen_activation_does_not_spam_notifications,citizens,DashboardCitizenService::activate already active,idempotent_noop,activate twice on active citizen,zero AccountActivated notifications,,notification,0,No-op activation emits no spam.
method,REL-DUPLICATE-SIDE-EFFECT-METHODS,tests/Feature/NotificationProductionReadinessTest.php,test_already_active_citizen_activation_does_not_spam_notifications,citizens,DashboardCitizenService::activate already active,idempotent_noop,activate twice on active citizen,zero AccountActivated notifications,,notification,0,No-op activation emits no spam.
method,NOTIF-IDEMPOTENCY-METHODS,tests/Feature/NotificationProductionReadinessTest.php,test_reactivation_after_deactivate_emits_exactly_one_activated_notification,citizens,deactivate then activate twice,idempotent_dedupe,second activate after reactivation,exactly one AccountActivated,,notification,1,Repeated activate after reactivation does not duplicate.
method,REL-IDEMPOTENCY-METHODS,tests/Feature/NotificationProductionReadinessTest.php,test_reactivation_after_deactivate_emits_exactly_one_activated_notification,citizens,deactivate then activate twice,idempotent_dedupe,second activate after reactivation,exactly one AccountActivated,,notification,1,Repeated activate after reactivation does not duplicate.
method,NOTIF-IDEMPOTENCY-METHODS,tests/Feature/NotificationEventCoverageTest.php,test_payment_failed_and_under_verification_notify_once_per_code,payments/notifications,markFailed/markUnderVerification twice,idempotent_dedupe,same failure codes applied twice,one PaymentFailed + one UnderVerification notification,,notification,1,Per-code lifecycle notify idempotent.
method,PAY-IDEMPOTENCY-METHODS,tests/Feature/NotificationEventCoverageTest.php,test_payment_failed_and_under_verification_notify_once_per_code,payments/notifications,markFailed/markUnderVerification twice,idempotent_dedupe,same failure codes applied twice,one PaymentFailed + one UnderVerification notification,,notification,1,Per-code lifecycle notify idempotent.
method,REL-DUPLICATE-SIDE-EFFECT-METHODS,tests/Feature/NotificationEventCoverageTest.php,test_payment_failed_and_under_verification_notify_once_per_code,payments/notifications,markFailed/markUnderVerification twice,idempotent_dedupe,same failure codes applied twice,one PaymentFailed + one UnderVerification notification,,notification,1,Per-code lifecycle notify idempotent.
method,NOTIF-IDEMPOTENCY-METHODS,tests/Feature/AppointmentNotificationTest.php,test_cancel_notifies_once_and_repeat_does_not_duplicate,appointments/notifications,AppointmentService::cancel twice,idempotent_dedupe,repeat cancel after success,AppointmentCancelled count stays 1,,notification,1,Cancel notify once; repeat cancel no duplicate notification.
method,REL-IDEMPOTENCY-METHODS,tests/Feature/AppointmentNotificationTest.php,test_cancel_notifies_once_and_repeat_does_not_duplicate,appointments/notifications,AppointmentService::cancel twice,idempotent_dedupe,repeat cancel after success,AppointmentCancelled count stays 1,,notification,1,Cancel notify once; repeat cancel no duplicate notification.
method,REL-DUPLICATE-SIDE-EFFECT-METHODS,tests/Feature/AppointmentNotificationTest.php,test_cancel_notifies_once_and_repeat_does_not_duplicate,appointments/notifications,AppointmentService::cancel twice,idempotent_dedupe,repeat cancel after success,AppointmentCancelled count stays 1,,notification,1,Cancel notify once; repeat cancel no duplicate notification.
method,NOTIF-IDEMPOTENCY-METHODS,tests/Feature/PushDeliveryPlanningTest.php,test_duplicate_business_event_does_not_create_new_push,push,notify same event_key,idempotent_dedupe,duplicate business event,one PushDelivery; one job,,push_delivery,1,Deduped notification prevents second push plan.
method,PUSH-TERMINAL-NO-RESEND-METHODS,tests/Feature/PushDeliveryPlanningTest.php,test_duplicate_business_event_does_not_create_new_push,push,notify same event_key,idempotent_dedupe,duplicate business event,one PushDelivery; one job,,push_delivery,1,Deduped notification prevents second push plan.
method,REL-IDEMPOTENCY-METHODS,tests/Feature/PushDeliveryPlanningTest.php,test_duplicate_business_event_does_not_create_new_push,push,notify same event_key,idempotent_dedupe,duplicate business event,one PushDelivery; one job,,push_delivery,1,Deduped notification prevents second push plan.
method,REL-DUPLICATE-SIDE-EFFECT-METHODS,tests/Feature/PushDeliveryPlanningTest.php,test_delivery_key_uniqueness_enforced,push,push_deliveries.delivery_key unique,db_invariant,insert duplicate delivery_key,QueryException,,insert_rejected,1,DB uniqueness on delivery_key.
method,PUSH-TERMINAL-NO-RESEND-METHODS,tests/Feature/PushDeliveryPlanningTest.php,test_pending_recovery_is_idempotent_for_already_sent,push,dispatchPending,recovery,dispatch when already Sent,dispatched=0,,job_dispatch,0,Recovery skips terminal Sent.
method,PUSH-RECOVERY-METHODS,tests/Feature/PushDeliveryPlanningTest.php,test_pending_recovery_is_idempotent_for_already_sent,push,dispatchPending,recovery,dispatch when already Sent,dispatched=0,,job_dispatch,0,Recovery skips terminal Sent.
method,REL-IDEMPOTENCY-METHODS,tests/Feature/PushDeliveryPlanningTest.php,test_pending_recovery_is_idempotent_for_already_sent,push,dispatchPending,recovery,dispatch when already Sent,dispatched=0,,job_dispatch,0,Recovery skips terminal Sent.
method,PUSH-RETRY-METHODS,tests/Feature/PushDeliveryRetryTest.php,test_retry_delay_uses_backoff_and_honors_retry_after_minimum,push,retryDelaySeconds,retry,attempt index + Retry-After floors,60/120/300; floor 60; honor larger,,none,,Backoff and Retry-After minimum.
method,PUSH-RETRY-METHODS,tests/Feature/PushDeliveryRetryTest.php,test_retries_exhausted_marks_failed,push,processDelivery near budget,retry,503 with attempts=2 tries=3,Failed; attempts=3; failed_at set,,delivery_failed,1,Exhausted retries become terminal Failed.
method,PUSH-TERMINAL-NO-RESEND-METHODS,tests/Feature/PushDeliveryRetryTest.php,test_retries_exhausted_marks_failed,push,processDelivery near budget,retry,503 with attempts=2 tries=3,Failed; attempts=3; failed_at set,,delivery_failed,1,Exhausted retries become terminal Failed.
method,PUSH-TERMINAL-NO-RESEND-METHODS,tests/Feature/PushDeliveryRetryTest.php,test_dispatch_pending_command_dispatches_only_pending,push,artisan push:dispatch-pending,recovery,pending + Sent,job only for pending,,job_dispatch,1,Recovery command skips Sent.
method,PUSH-RECOVERY-METHODS,tests/Feature/PushDeliveryRetryTest.php,test_dispatch_pending_command_dispatches_only_pending,push,artisan push:dispatch-pending,recovery,pending + Sent,job only for pending,,job_dispatch,1,Recovery command skips Sent.
method,PUSH-RETRY-METHODS,tests/Feature/PushProductionCertificationTest.php,test_fcm_attempts_count_only_real_sends,push,processDelivery deleted device,retry,device missing,FCM never; attempts=0,,attempts,0,Attempts only on real FCM sends.
method,PUSH-RETRY-METHODS,tests/Feature/PushProductionCertificationTest.php,test_quota_429_minimum_delay_is_60_seconds,push,retryDelaySeconds,retry,Retry-After 10 vs 90,floor 60; honor 90,,none,,Quota delay floor.
method,PUSH-RETRY-METHODS,tests/Feature/PushProductionCertificationTest.php,test_503_retry_after_honored,push,job handle 503,retry,Retry-After 180,releasedFor=180; attempts=1,,job_release,1,Retry-After drives release delay.
method,PUSH-RETRY-METHODS,tests/Feature/PushProductionCertificationTest.php,test_malformed_retry_after_falls_back_to_backoff,push,parseRetryAfterSeconds,retry,invalid Retry-After,null parse; delay 60,,none,,Malformed Retry-After falls back.
method,PUSH-TERMINAL-NO-RESEND-METHODS,tests/Feature/PushProductionCertificationTest.php,test_terminal_delivery_never_resent,push,processDelivery on Sent,terminal,reprocess terminal Sent,skipped; FCM never; stays Sent,,fcm_send,0,Terminal Sent never resent.
method,REL-IDEMPOTENCY-METHODS,tests/Feature/PushProductionCertificationTest.php,test_terminal_delivery_never_resent,push,processDelivery on Sent,terminal,reprocess terminal Sent,skipped; FCM never; stays Sent,,fcm_send,0,Terminal Sent never resent.
method,PUSH-TERMINAL-NO-RESEND-METHODS,tests/Feature/PushProductionCertificationTest.php,test_duplicate_job_safe_after_sent,push,SendPushNotificationJob twice,idempotent_reuse,duplicate job after success,Sent; attempts=1,,fcm_send,1,Second job after Sent is no-op.
method,REL-IDEMPOTENCY-METHODS,tests/Feature/PushProductionCertificationTest.php,test_duplicate_job_safe_after_sent,push,SendPushNotificationJob twice,idempotent_reuse,duplicate job after success,Sent; attempts=1,,fcm_send,1,Second job after Sent is no-op.
method,REL-DUPLICATE-SIDE-EFFECT-METHODS,tests/Feature/PushProductionCertificationTest.php,test_duplicate_job_safe_after_sent,push,SendPushNotificationJob twice,idempotent_reuse,duplicate job after success,Sent; attempts=1,,fcm_send,1,Second job after Sent is no-op.
method,PUSH-TERMINAL-NO-RESEND-METHODS,tests/Feature/PushProductionCertificationTest.php,test_invalid_token_never_retries,push,UNREGISTERED then reprocess,terminal,invalid token then process again,InvalidToken; FCM never on second,,fcm_send,0,InvalidToken terminal non-retry.
method,PUSH-RETRY-METHODS,tests/Feature/PushProductionCertificationTest.php,test_invalid_token_never_retries,push,UNREGISTERED then reprocess,terminal,invalid token then process again,InvalidToken; FCM never on second,,fcm_send,0,InvalidToken terminal non-retry.
method,PUSH-RECOVERY-METHODS,tests/Feature/PushProductionCertificationTest.php,test_stale_processing_recovered_recent_not_stolen,push,recoverStaleProcessing,recovery,stale Processing 10m vs fresh 30s,reclaimed=1; fresh stays Processing,,status_reset,1,Lease recovery selective.
method,REL-RECOVERY-METHODS,tests/Feature/PushProductionCertificationTest.php,test_stale_processing_recovered_recent_not_stolen,push,recoverStaleProcessing,recovery,stale Processing 10m vs fresh 30s,reclaimed=1; fresh stays Processing,,status_reset,1,Lease recovery selective.
method,REL-STALE-STATE-REJECTION-METHODS,tests/Feature/PushProductionCertificationTest.php,test_stale_processing_recovered_recent_not_stolen,push,recoverStaleProcessing,recovery,stale Processing 10m vs fresh 30s,reclaimed=1; fresh stays Processing,,status_reset,1,Lease recovery selective.
method,PUSH-TERMINAL-NO-RESEND-METHODS,tests/Feature/PushProductionCertificationTest.php,test_dispatch_pending_never_redispatches_terminal,push,dispatchPending,recovery,pending+Sent+Failed+InvalidToken,dispatched=1 only pending,,job_dispatch,1,Terminal statuses never redispatched.
method,PUSH-RECOVERY-METHODS,tests/Feature/PushProductionCertificationTest.php,test_dispatch_pending_never_redispatches_terminal,push,dispatchPending,recovery,pending+Sent+Failed+InvalidToken,dispatched=1 only pending,,job_dispatch,1,Terminal statuses never redispatched.
method,PUSH-RECOVERY-METHODS,tests/Feature/PushProductionCertificationTest.php,test_failed_dispatch_leaves_pending_recoverable,push,dispatchPending orphan pending,recovery,Pending with no prior job,dispatched=1,,job_dispatch,1,Orphan pending recoverable.
method,REL-RECOVERY-METHODS,tests/Feature/PushProductionCertificationTest.php,test_failed_dispatch_leaves_pending_recoverable,push,dispatchPending orphan pending,recovery,Pending with no prior job,dispatched=1,,job_dispatch,1,Orphan pending recoverable.
method,PUSH-RECOVERY-METHODS,tests/Feature/PushProductionCertificationTest.php,test_worker_crash_after_claim_leaves_recoverable_processing,push,recoverStaleProcessing after crash claim,recovery,Processing + stale last_attempt_at,reclaimed to Pending,,status_reset,1,Crash-after-claim recoverable.
method,REL-RECOVERY-METHODS,tests/Feature/PushProductionCertificationTest.php,test_worker_crash_after_claim_leaves_recoverable_processing,push,recoverStaleProcessing after crash claim,recovery,Processing + stale last_attempt_at,reclaimed to Pending,,status_reset,1,Crash-after-claim recoverable.
method,NOTIF-TX-SAFETY-METHODS,tests/Feature/PushProductionCertificationTest.php,test_db_notification_isolation_when_push_planning_errors,notifications/push,sendToUser no devices,tx_safety,push planning no-ops,notification persisted; zero deliveries,,notification,1,In-app notification isolated from empty push plan.
method,REL-ATOMICITY-METHODS,tests/Feature/PushProductionCertificationTest.php,test_db_notification_isolation_when_push_planning_errors,notifications/push,sendToUser no devices,tx_safety,push planning no-ops,notification persisted; zero deliveries,,notification,1,In-app notification isolated from empty push plan.
method,PUSH-TERMINAL-NO-RESEND-METHODS,tests/Feature/SendPushNotificationJobTest.php,test_permanent_failure_does_not_delete_device_or_retry,push,processDelivery INVALID_ARGUMENT,terminal,permanent FCM failure,Failed; device kept,,delivery_failed,1,Permanent failure terminal without device delete.
method,PUSH-RETRY-METHODS,tests/Feature/SendPushNotificationJobTest.php,test_permanent_failure_does_not_delete_device_or_retry,push,processDelivery INVALID_ARGUMENT,terminal,permanent FCM failure,Failed; device kept,,delivery_failed,1,Permanent failure terminal without device delete.
method,PUSH-RETRY-METHODS,tests/Feature/SendPushNotificationJobTest.php,test_retryable_failure_releases_job_and_keeps_pending,push,job handle 503,retry,Retry-After 120,releasedFor=120; Pending; attempts=1,,job_release,1,Retryable failure keeps Pending.
method,PUSH-RECOVERY-METHODS,tests/Feature/SendPushNotificationJobTest.php,test_deleted_device_before_processing_is_safe,push,job after device delete,recovery,device deleted before process,InvalidToken; attempts=0,,fcm_send,0,Missing device handled without FCM.
method,REL-STALE-STATE-REJECTION-METHODS,tests/Feature/SendPushNotificationJobTest.php,test_deleted_device_before_processing_is_safe,push,job after device delete,recovery,device deleted before process,InvalidToken; attempts=0,,fcm_send,0,Missing device handled without FCM.
method,PUSH-RECOVERY-METHODS,tests/Feature/SendPushNotificationJobTest.php,test_token_rotation_during_unregistered_does_not_delete_new_token,push,UNREGISTERED while rotate in-flight,recovery,rotate during FCM call,new token kept; delivery InvalidToken,,device_row,1,Hash-guarded delete avoids killing rotated token.
method,REL-IDEMPOTENCY-METHODS,tests/Feature/SendPushNotificationJobTest.php,test_token_rotation_during_unregistered_does_not_delete_new_token,push,UNREGISTERED while rotate in-flight,recovery,rotate during FCM call,new token kept; delivery InvalidToken,,device_row,1,Hash-guarded delete avoids killing rotated token.
method,PUSH-RECOVERY-METHODS,tests/Feature/SendPushNotificationJobTest.php,test_token_rotation_race_does_not_delete_new_token,push,deleteByIdAndTokenHash after rotation,recovery,delete with stale token_hash,deleted=0; device exists,,device_row,1,Stale-hash delete no-op after rotation.
method,REL-IDEMPOTENCY-METHODS,tests/Feature/PushDeviceRegistrationTest.php,test_repeated_register_is_idempotent_and_refreshes_last_registered_at,push-devices,POST /api/devices/push-token,idempotent_reuse,identical register twice,one row; same id; last_registered_at advances,200,device_row,1,Repeated register upserts one device.
method,REL-DUPLICATE-SIDE-EFFECT-METHODS,tests/Feature/PushDeviceRegistrationTest.php,test_repeated_register_is_idempotent_and_refreshes_last_registered_at,push-devices,POST /api/devices/push-token,idempotent_reuse,identical register twice,one row; same id; last_registered_at advances,200,device_row,1,Repeated register upserts one device.
method,REL-IDEMPOTENCY-METHODS,tests/Feature/PushDeviceRegistrationTest.php,test_owner_can_unregister_one_device_idempotently,push-devices,DELETE /api/devices/push-token,idempotent_noop,unregister same device_id twice,both OK; other device untouched,200,device_delete,1,Second unregister idempotent success.
method,REL-IDEMPOTENCY-METHODS,tests/Feature/PushDeviceRegistrationTest.php,test_same_token_cannot_exist_in_two_rows,push-devices,PushDeviceService::register shared token,idempotent_reconcile,two device_ids same token,one row reconciled to second device,,device_row,1,Token uniqueness reconciled to single row.
method,REL-DUPLICATE-SIDE-EFFECT-METHODS,tests/Feature/PushDeviceRegistrationTest.php,test_same_token_cannot_exist_in_two_rows,push-devices,PushDeviceService::register shared token,idempotent_reconcile,two device_ids same token,one row reconciled to second device,,device_row,1,Token uniqueness reconciled to single row.
method,REL-IDEMPOTENCY-METHODS,tests/Feature/PushDeviceTokenRotationTest.php,test_same_device_new_token_updates_same_row,push-devices,register rotate token,idempotent_reuse,new token same device_id,same row id; old hash gone,200,device_row,1,Rotation updates in place.
method,REL-IDEMPOTENCY-METHODS,tests/Feature/PushDeviceTokenRotationTest.php,test_duplicate_token_on_two_devices_reconciles_to_one_row,push-devices,register token owned by other device,idempotent_reconcile,move shared token to device-new,count=1; device-new wins,,device_row,1,Duplicate token collapses to one registration.
method,REL-DUPLICATE-SIDE-EFFECT-METHODS,tests/Feature/PushDeviceTokenRotationTest.php,test_duplicate_token_on_two_devices_reconciles_to_one_row,push-devices,register token owned by other device,idempotent_reconcile,move shared token to device-new,count=1; device-new wins,,device_row,1,Duplicate token collapses to one registration.
method,REL-DUPLICATE-SIDE-EFFECT-METHODS,tests/Feature/PushDeviceTokenRotationTest.php,test_token_uniqueness_constraint_is_enforced_at_database_level,push-devices,push_devices.token_hash unique,db_invariant,second row same token_hash,QueryException,,insert_rejected,1,DB unique on token_hash.
method,CONC-APPOINTMENT-METHODS,tests/Feature/AppointmentSlotConcurrencyTest.php,test_concurrent_booking_cannot_overbook_single_capacity_slot,appointments,POST /api/applications/{id}/appointments,concurrency,two citizens book capacity=1 (sequential HTTP loop),success=1; failure=1; booked_count=1; overbook=0,,booking,1,capacity=1; success=1; failure=1; booked_count=1. Sequential requests not OS threads.
method,REL-ATOMICITY-METHODS,tests/Feature/AppointmentSlotConcurrencyTest.php,test_concurrent_booking_cannot_overbook_single_capacity_slot,appointments,POST /api/applications/{id}/appointments,concurrency,two citizens book capacity=1 (sequential HTTP loop),success=1; failure=1; booked_count=1; overbook=0,,booking,1,capacity=1; success=1; failure=1; booked_count=1. Sequential requests not OS threads.
method,CONC-APPOINTMENT-METHODS,tests/Feature/AppointmentSlotConcurrencyTest.php,test_cancel_releases_capacity_and_is_idempotent_on_status,appointments,DELETE /api/appointments/{id}/cancel,idempotent_reject,cancel then cancel again,booked_count 1->0; second 422,422,cancel,1,Capacity released; second cancel rejected.
method,REL-IDEMPOTENCY-METHODS,tests/Feature/AppointmentSlotConcurrencyTest.php,test_cancel_releases_capacity_and_is_idempotent_on_status,appointments,DELETE /api/appointments/{id}/cancel,idempotent_reject,cancel then cancel again,booked_count 1->0; second 422,422,cancel,1,Capacity released; second cancel rejected.
method,REL-STALE-STATE-REJECTION-METHODS,tests/Feature/AppointmentSlotConcurrencyTest.php,test_cancel_releases_capacity_and_is_idempotent_on_status,appointments,DELETE /api/appointments/{id}/cancel,idempotent_reject,cancel then cancel again,booked_count 1->0; second 422,422,cancel,1,Capacity released; second cancel rejected.
method,CONC-APPOINTMENT-METHODS,tests/Feature/AppointmentSlotConcurrencyTest.php,test_reschedule_releases_and_consumes_capacity_with_audit,appointments,PUT /api/appointments/{id}/reschedule,concurrency,move slotA->slotB,slotA=0; slotB=1; audit,200,booked_count,1,Reschedule transfers capacity with audit.
method,CONC-APPOINTMENT-METHODS,tests/Feature/AppointmentSlotConcurrencyTest.php,test_reschedule_lock_order_preserves_booked_counts,appointments,cross reschedule low<->high,concurrency,A low->high then B high->low,each booked_count=1 within capacity,200,booked_count,1,Cross-reschedule preserves counts under lock order.
method,REL-ATOMICITY-METHODS,tests/Feature/AppointmentSlotConcurrencyTest.php,test_reschedule_lock_order_preserves_booked_counts,appointments,cross reschedule low<->high,concurrency,A low->high then B high->low,each booked_count=1 within capacity,200,booked_count,1,Cross-reschedule preserves counts under lock order.
method,CONC-APPOINTMENT-METHODS,tests/Feature/AppointmentSlotConcurrencyTest.php,test_concurrent_slot_update_cannot_reduce_capacity_below_booked_count,appointments,PATCH appointment-slots capacity,stale_reject,capacity 5 booked 3 -> set 2,422; capacity remains 5,422,capacity,5,Unsafe capacity reduction rejected (not 409 optimistic).
method,REL-STALE-STATE-REJECTION-METHODS,tests/Feature/AppointmentSlotConcurrencyTest.php,test_concurrent_slot_update_cannot_reduce_capacity_below_booked_count,appointments,PATCH appointment-slots capacity,stale_reject,capacity 5 booked 3 -> set 2,422; capacity remains 5,422,capacity,5,Unsafe capacity reduction rejected (not 409 optimistic).
method,CONC-OPTIMISTIC-CONFLICT-METHODS,tests/Feature/DashboardAppointmentSlotsTest.php,test_update_requires_version_and_stale_returns_409,appointment-slots,PATCH /api/dashboard/appointment-slots/{id},optimistic_conflict,stale version 999,409 stale_version,409,slot_update,0,Optimistic AppointmentSlot.version conflict.
method,REL-STALE-STATE-REJECTION-METHODS,tests/Feature/DashboardAppointmentSlotsTest.php,test_update_requires_version_and_stale_returns_409,appointment-slots,PATCH /api/dashboard/appointment-slots/{id},optimistic_conflict,stale version 999,409 stale_version,409,slot_update,0,Optimistic AppointmentSlot.version conflict.
method,CONC-APPOINTMENT-METHODS,tests/Feature/DashboardAppointmentSlotsTest.php,test_capacity_cannot_drop_below_booked_count,appointment-slots,PATCH capacity below booked,stale_reject,capacity 2 with booked 3,422 unsafe_capacity_reduction,422,capacity,,Capacity integrity guard.
method,REL-STALE-STATE-REJECTION-METHODS,tests/Feature/DashboardAppointmentSlotsTest.php,test_capacity_cannot_drop_below_booked_count,appointment-slots,PATCH capacity below booked,stale_reject,capacity 2 with booked 3,422 unsafe_capacity_reduction,422,capacity,,Capacity integrity guard.
method,REL-DUPLICATE-SIDE-EFFECT-METHODS,tests/Feature/DashboardAppointmentSlotsTest.php,test_create_rejects_duplicate_and_ignores_client_booked_count,appointment-slots,POST /api/dashboard/appointment-slots,duplicate_reject,duplicate identity + client booked_count=99,first created booked_count=0; second 422 duplicate_identity,422,slot_row,1,Duplicate slot identity rejected; client booked_count ignored.
method,CONC-APPOINTMENT-METHODS,tests/Feature/DashboardAppointmentSlotsTest.php,test_create_rejects_duplicate_and_ignores_client_booked_count,appointment-slots,POST /api/dashboard/appointment-slots,duplicate_reject,duplicate identity + client booked_count=99,first created booked_count=0; second 422 duplicate_identity,422,slot_row,1,Duplicate slot identity rejected; client booked_count ignored.
method,REL-SESSION-LIFECYCLE-METHODS,tests/Feature/EmployeeSessionRevocationTest.php,test_reason_required_and_duplicate_revoke_is_409,employee-sessions,POST .../employee-sessions/{uuid}/revoke,session,second revoke after success,409; audit count unchanged,409,revoke_audit,1,Duplicate revoke conflict without extra audit.
method,REL-IDEMPOTENCY-METHODS,tests/Feature/EmployeeSessionRevocationTest.php,test_reason_required_and_duplicate_revoke_is_409,employee-sessions,POST .../employee-sessions/{uuid}/revoke,session,second revoke after success,409; audit count unchanged,409,revoke_audit,1,Duplicate revoke conflict without extra audit.
method,REL-DUPLICATE-SIDE-EFFECT-METHODS,tests/Feature/EmployeeSessionRevocationTest.php,test_reason_required_and_duplicate_revoke_is_409,employee-sessions,POST .../employee-sessions/{uuid}/revoke,session,second revoke after success,409; audit count unchanged,409,revoke_audit,1,Duplicate revoke conflict without extra audit.
method,REL-STALE-STATE-REJECTION-METHODS,tests/Feature/EmployeeSessionRevocationTest.php,test_reason_required_and_duplicate_revoke_is_409,employee-sessions,POST .../employee-sessions/{uuid}/revoke,session,second revoke after success,409; audit count unchanged,409,revoke_audit,1,Duplicate revoke conflict without extra audit.
method,REL-SESSION-LIFECYCLE-METHODS,tests/Feature/EmployeeSessionRevocationTest.php,test_revoke_all_preserves_current_by_default,employee-sessions,POST .../sessions/revoke-all,session,revoke-all default,revoked=1 preserved_current=1; current token still OK,200,session_revoke,,Revoke-all preserves current session by default.
method,REL-SESSION-LIFECYCLE-METHODS,tests/Feature/EmployeeSessionRevocationTest.php,test_revoke_all_can_include_current_and_rejects_citizens,employee-sessions,revoke-all include_current + citizen target,session,include current; then citizen id,current revoked; citizen 404,200,session_revoke,,Revoke-all can include current; citizens rejected.
method,REL-SESSION-LIFECYCLE-METHODS,tests/Feature/EmployeeSessionLastSeenTest.php,test_write_throttling_prevents_update_every_request,employee-sessions,last_seen write throttle,session,two /me within interval,last_seen_at unchanged on second,200,last_seen_write,1,Throttled last_seen prevents write churn.
method,REL-IDEMPOTENCY-METHODS,tests/Feature/EmployeeSessionLastSeenTest.php,test_write_throttling_prevents_update_every_request,employee-sessions,last_seen write throttle,session,two /me within interval,last_seen_at unchanged on second,200,last_seen_write,1,Throttled last_seen prevents write churn.
method,REL-SESSION-LIFECYCLE-METHODS,tests/Feature/EmployeeSessionLifecycleTest.php,test_reconcile_and_prune_commands,employee-sessions,employee-sessions:reconcile/prune,recovery,open missing credential; old ended,CredentialMissing; prune removes aged,,session_end,,Reconcile recovers orphans; prune removes aged ended.
method,REL-RECOVERY-METHODS,tests/Feature/EmployeeSessionLifecycleTest.php,test_reconcile_and_prune_commands,employee-sessions,employee-sessions:reconcile/prune,recovery,open missing credential; old ended,CredentialMissing; prune removes aged,,session_end,,Reconcile recovers orphans; prune removes aged ended.
method,REL-SESSION-LIFECYCLE-METHODS,tests/Feature/EmployeeSessionLifecycleTest.php,test_repeated_logout_is_idempotent,employee-sessions,logout then force revoked precedence,session,ended session force-filled revoked,status Revoked; not relabeled logout,200,ended_reason,1,Does NOT prove double-logout HTTP; proves ended-reason precedence only.
method,REL-IDEMPOTENCY-METHODS,tests/Feature/DashboardCitizenManagementTest.php,test_repeated_deactivation_is_idempotent,citizens,POST .../citizens/{id}/deactivate,idempotent_noop,deactivate twice,exactly one citizen.deactivated audit,200,audit,1,Second deactivate does not duplicate audit.
method,REL-DUPLICATE-SIDE-EFFECT-METHODS,tests/Feature/DashboardCitizenManagementTest.php,test_repeated_deactivation_is_idempotent,citizens,POST .../citizens/{id}/deactivate,idempotent_noop,deactivate twice,exactly one citizen.deactivated audit,200,audit,1,Second deactivate does not duplicate audit.
method,REL-IDEMPOTENCY-METHODS,tests/Feature/DashboardCitizenManagementTest.php,test_repeated_activation_is_idempotent,citizens,POST .../citizens/{id}/activate,idempotent_noop,activate already-active twice,zero activated audits/notifications,200,audit+notification,0,No-op activation has no side effects.
method,REL-DUPLICATE-SIDE-EFFECT-METHODS,tests/Feature/DashboardCitizenManagementTest.php,test_repeated_activation_is_idempotent,citizens,POST .../citizens/{id}/activate,idempotent_noop,activate already-active twice,zero activated audits/notifications,200,audit+notification,0,No-op activation has no side effects.
method,NOTIF-IDEMPOTENCY-METHODS,tests/Feature/DashboardCitizenManagementTest.php,test_repeated_activation_is_idempotent,citizens,POST .../citizens/{id}/activate,idempotent_noop,activate already-active twice,zero activated audits/notifications,200,audit+notification,0,No-op activation has no side effects.
method,REL-IDEMPOTENCY-METHODS,tests/Feature/EmployeeManagementTest.php,test_repeated_deactivation_is_idempotent,employees,PATCH .../toggle-active is_active=false,idempotent_noop,toggle false when already false,OK; stays inactive,200,is_active,FALSE,Repeated employee deactivation is no-op.
method,REL-DUPLICATE-SIDE-EFFECT-METHODS,tests/Feature/EmployeeManagementTest.php,test_repeated_deactivation_is_idempotent,employees,PATCH .../toggle-active is_active=false,idempotent_noop,toggle false when already false,OK; stays inactive,200,is_active,FALSE,Repeated employee deactivation is no-op.
method,REL-IDEMPOTENCY-METHODS,tests/Feature/EmployeeManagementTest.php,test_repeated_activation_is_idempotent,employees,PATCH .../toggle-active is_active=true,idempotent_noop,toggle true when already true,OK; stays active,200,is_active,TRUE,Repeated employee activation is no-op.
method,REL-DUPLICATE-SIDE-EFFECT-METHODS,tests/Feature/EmployeeManagementTest.php,test_repeated_activation_is_idempotent,employees,PATCH .../toggle-active is_active=true,idempotent_noop,toggle true when already true,OK; stays active,200,is_active,TRUE,Repeated employee activation is no-op.
method,LIC-STALE-REVALIDATION-METHODS,tests/Feature/DashboardLicenseIssuanceQueueTest.php,test_stale_condition_causes_issue_license_422_after_ready_get,licenses,POST issue-license after ready GET,stale_revalidation,unpaid fine added after ready view,422; leaves ready queue,422,license_issue,0,Issuance revalidates readiness.
method,LIC-ISSUANCE-INTEGRITY-METHODS,tests/Feature/DashboardLicenseIssuanceQueueTest.php,test_stale_condition_causes_issue_license_422_after_ready_get,licenses,POST issue-license after ready GET,stale_revalidation,unpaid fine added after ready view,422; leaves ready queue,422,license_issue,0,Issuance revalidates readiness.
method,REL-STALE-STATE-REJECTION-METHODS,tests/Feature/DashboardLicenseIssuanceQueueTest.php,test_stale_condition_causes_issue_license_422_after_ready_get,licenses,POST issue-license after ready GET,stale_revalidation,unpaid fine added after ready view,422; leaves ready queue,422,license_issue,0,Issuance revalidates readiness.
method,LIC-ISSUANCE-INTEGRITY-METHODS,tests/Feature/DashboardLicenseIssuanceQueueTest.php,test_application_with_unpaid_fine_is_excluded,licenses,GET license-issuance queue,issuance_integrity,issuable app + unpaid fine vs ready,total=1 only ready app,200,queue_membership,1,Unpaid fine excludes from issuance queue.
method,LIC-ISSUANCE-INTEGRITY-METHODS,tests/Feature/DashboardLicenseIssuanceQueueTest.php,test_already_issued_application_is_excluded,licenses,GET license-issuance queue,duplicate_prevention,already has license row,total=1 only other ready,200,queue_membership,1,Already-issued excluded from queue.
method,LIC-DUPLICATE-PREVENTION-METHODS,tests/Feature/DashboardLicenseIssuanceQueueTest.php,test_already_issued_application_is_excluded,licenses,GET license-issuance queue,duplicate_prevention,already has license row,total=1 only other ready,200,queue_membership,1,Already-issued excluded from queue.
method,LIC-ISSUANCE-INTEGRITY-METHODS,tests/Feature/DashboardLicenseIssuanceQueueTest.php,test_existing_issue_license_still_succeeds_for_ready_application,licenses,POST issue-license,issuance_integrity,ready application issue,OK active license; queue empties,200,license_row,1,Happy-path issue succeeds and removes from queue.
method,LIC-ISSUANCE-INTEGRITY-METHODS,tests/Feature/LicenseExpirySyncTest.php,test_effective_status_detects_expired_without_mutating_row,licenses,LicenseEffectiveStatus::resolve,idempotent_read,past expiry_date read,effective Expired; stored Active,,status_column,Active,Read path does not mutate status.
method,REL-IDEMPOTENCY-METHODS,tests/Feature/LicenseExpirySyncTest.php,test_effective_status_detects_expired_without_mutating_row,licenses,LicenseEffectiveStatus::resolve,idempotent_read,past expiry_date read,effective Expired; stored Active,,status_column,Active,Read path does not mutate status.
method,LIC-ISSUANCE-INTEGRITY-METHODS,tests/Feature/LicenseExpirySyncTest.php,test_sync_command_updates_and_is_idempotent,licenses,licenses:sync-expired,recovery,command twice,Expired; history count unchanged,,expired_history,1,Expiry sync idempotent on history.
method,REL-IDEMPOTENCY-METHODS,tests/Feature/LicenseExpirySyncTest.php,test_sync_command_updates_and_is_idempotent,licenses,licenses:sync-expired,recovery,command twice,Expired; history count unchanged,,expired_history,1,Expiry sync idempotent on history.
method,REL-DUPLICATE-SIDE-EFFECT-METHODS,tests/Feature/LicenseExpirySyncTest.php,test_sync_command_updates_and_is_idempotent,licenses,licenses:sync-expired,recovery,command twice,Expired; history count unchanged,,expired_history,1,Expiry sync idempotent on history.
method,REL-RECOVERY-METHODS,tests/Feature/LicenseExpirySyncTest.php,test_sync_command_updates_and_is_idempotent,licenses,licenses:sync-expired,recovery,command twice,Expired; history count unchanged,,expired_history,1,Expiry sync idempotent on history.
method,LIC-ISSUANCE-INTEGRITY-METHODS,tests/Feature/DashboardOverviewTest.php,test_license_unblock_is_excluded_from_ready_and_issue_license,licenses,issue-license license_unblock,issuance_integrity,disallowed service,422; license count unchanged,422,license_row,0,Failed issue creates no license.
method,LIC-DUPLICATE-PREVENTION-METHODS,tests/Feature/DashboardOverviewTest.php,test_license_unblock_is_excluded_from_ready_and_issue_license,licenses,issue-license license_unblock,issuance_integrity,disallowed service,422; license count unchanged,422,license_row,0,Failed issue creates no license.
method,LIC-ISSUANCE-INTEGRITY-METHODS,tests/Feature/DashboardOverviewTest.php,test_unknown_custom_service_code_is_not_issuable,licenses,issue-license unknown service,issuance_integrity,unsupported service type,422; licenses/audits unchanged,422,license_row,0,Failed issue no license/audit.
method,LIC-DUPLICATE-PREVENTION-METHODS,tests/Feature/DashboardOverviewTest.php,test_duplicate_issue_license_is_prevented_after_success,licenses,issue-license twice,duplicate_prevention,second issue after success,422; exactly one license,422,license_row,1,Duplicate issuance prevented.
method,LIC-ISSUANCE-INTEGRITY-METHODS,tests/Feature/DashboardOverviewTest.php,test_duplicate_issue_license_is_prevented_after_success,licenses,issue-license twice,duplicate_prevention,second issue after success,422; exactly one license,422,license_row,1,Duplicate issuance prevented.
method,REL-IDEMPOTENCY-METHODS,tests/Feature/DashboardOverviewTest.php,test_duplicate_issue_license_is_prevented_after_success,licenses,issue-license twice,duplicate_prevention,second issue after success,422; exactly one license,422,license_row,1,Duplicate issuance prevented.
method,LIC-DUPLICATE-PREVENTION-METHODS,tests/Feature/OtherLicenseServicesFlowTest.php,test_duplicate_renew_application_is_blocked,applications,POST /api/applications renew,duplicate_prevention,second renew while active exists,422 duplicate_active_application_license,422,application_row,1,Duplicate renew blocked.
method,REL-DUPLICATE-SIDE-EFFECT-METHODS,tests/Feature/OtherLicenseServicesFlowTest.php,test_duplicate_renew_application_is_blocked,applications,POST /api/applications renew,duplicate_prevention,second renew while active exists,422 duplicate_active_application_license,422,application_row,1,Duplicate renew blocked.
method,REL-IDEMPOTENCY-METHODS,tests/Feature/DemoLicenseServiceSeedersTest.php,test_running_seeder_twice_does_not_duplicate_licenses,licenses,demo license seeder twice,idempotent_seed,run seeder twice,each demo license_number count=1,,license_row,1,Demo seeder does not duplicate licenses.
method,REL-DUPLICATE-SIDE-EFFECT-METHODS,tests/Feature/DemoLicenseServiceSeedersTest.php,test_running_seeder_twice_does_not_duplicate_licenses,licenses,demo license seeder twice,idempotent_seed,run seeder twice,each demo license_number count=1,,license_row,1,Demo seeder does not duplicate licenses.
method,LIC-DUPLICATE-PREVENTION-METHODS,tests/Feature/DemoLicenseServiceSeedersTest.php,test_running_seeder_twice_does_not_duplicate_licenses,licenses,demo license seeder twice,idempotent_seed,run seeder twice,each demo license_number count=1,,license_row,1,Demo seeder does not duplicate licenses.
method,REL-IDEMPOTENCY-METHODS,tests/Feature/DashboardLicenseTypesTest.php,test_activate_deactivate_idempotent_and_audited,license-types,activate/deactivate twice,idempotent_noop,repeat deactivate/activate,state unchanged on repeat; audits exist,200,is_active,,HTTP/state idempotent activate/deactivate (audit uniqueness not asserted).
method,CONC-OPTIMISTIC-CONFLICT-METHODS,tests/Feature/DashboardFeesManagementTest.php,test_stale_version_returns_409,fees,PATCH /api/dashboard/fees/{id},optimistic_conflict,version 999,409 stale_version,409,fee_update,0,Optimistic Fee.version conflict.
method,REL-STALE-STATE-REJECTION-METHODS,tests/Feature/DashboardFeesManagementTest.php,test_stale_version_returns_409,fees,PATCH /api/dashboard/fees/{id},optimistic_conflict,version 999,409 stale_version,409,fee_update,0,Optimistic Fee.version conflict.
method,REL-IDEMPOTENCY-METHODS,tests/Feature/DashboardFeesManagementTest.php,test_seeder_rerun_does_not_overwrite_admin_edited_amount,fees,FeesSeeder rerun,idempotent_seed,admin-edited amount then reseed,amount remains 77.77,,fee_amount,77.77,Seeder idempotent w.r.t. admin edits.
method,REL-DUPLICATE-SIDE-EFFECT-METHODS,tests/Feature/DashboardFeesManagementTest.php,test_create_rejects_duplicate_identity,fees,POST /api/dashboard/fees,duplicate_reject,duplicate fee identity,422 duplicate_identity,422,fee_row,1,Fee identity_key duplicate rejected.
method,CONC-OPTIMISTIC-CONFLICT-METHODS,tests/Feature/DashboardRoleManagementTest.php,test_update_role_version_conflict_returns_409,access-control/roles,PATCH /api/dashboard/access-control/roles/{id},optimistic_conflict,version 999,409,409,role_update,0,Optimistic Role.version conflict.
method,REL-STALE-STATE-REJECTION-METHODS,tests/Feature/DashboardRoleManagementTest.php,test_update_role_version_conflict_returns_409,access-control/roles,PATCH /api/dashboard/access-control/roles/{id},optimistic_conflict,version 999,409,409,role_update,0,Optimistic Role.version conflict.
method,REL-IDEMPOTENCY-METHODS,tests/Feature/SuperAdminProtectionTest.php,test_bootstrap_is_idempotent_and_does_not_overwrite_role_permissions,rbac,rbac:bootstrap + PermissionsSeeder,idempotent_seed,bootstrap after intentional mutation,custom reduced permissions preserved,,role_permissions,,Bootstrap/seed do not overwrite role perms.
method,REL-IDEMPOTENCY-METHODS,tests/Feature/CommitteeDemoSeederTest.php,test_committee_demo_seeder_is_idempotent,demo-data,CommitteeDemoSeeder twice,idempotent_seed,seed twice,same APP_A id; 4 apps; waiting=3,,demo_rows,4,Demo seeder rerun does not duplicate entities.
method,REL-DUPLICATE-SIDE-EFFECT-METHODS,tests/Feature/CommitteeDemoSeederTest.php,test_committee_demo_seeder_is_idempotent,demo-data,CommitteeDemoSeeder twice,idempotent_seed,seed twice,same APP_A id; 4 apps; waiting=3,,demo_rows,4,Demo seeder rerun does not duplicate entities.
method,REL-STALE-STATE-REJECTION-METHODS,tests/Feature/DashboardDocumentReviewTest.php,test_approve_sets_fields_audit_notification_and_blocks_stale_second_decision,document-review,approve then stale reject,stale_reject,second reviewer rejects approved doc,422; stays Approved; no reject side effects,422,document_status,1,Stale second decision blocked after approve.
method,REL-DUPLICATE-SIDE-EFFECT-METHODS,tests/Feature/DashboardDocumentReviewTest.php,test_approve_sets_fields_audit_notification_and_blocks_stale_second_decision,document-review,approve then stale reject,stale_reject,second reviewer rejects approved doc,422; stays Approved; no reject side effects,422,document_status,1,Stale second decision blocked after approve.
method,REL-IDEMPOTENCY-METHODS,tests/Feature/DashboardDocumentReviewTest.php,test_approve_sets_fields_audit_notification_and_blocks_stale_second_decision,document-review,approve then stale reject,stale_reject,second reviewer rejects approved doc,422; stays Approved; no reject side effects,422,document_status,1,Stale second decision blocked after approve.
method,REL-STALE-STATE-REJECTION-METHODS,tests/Feature/DashboardDocumentReviewTest.php,test_reject_validation_structured_storage_notification_and_stale_approve,document-review,reject then stale approve,stale_reject,approve after reject,422; rejected notification stays 1,422,document_status,1,Stale approve after reject blocked.
method,REL-DUPLICATE-SIDE-EFFECT-METHODS,tests/Feature/DashboardDocumentReviewTest.php,test_reject_validation_structured_storage_notification_and_stale_approve,document-review,reject then stale approve,stale_reject,approve after reject,422; rejected notification stays 1,422,document_status,1,Stale approve after reject blocked.
method,AI-STALE-GUARD-METHODS,tests/Feature/AIAgentPendingWorkflowReliabilityTest.php,test_expired_workflow_chat_returns_expired_not_general_help,ai-agent,POST /api/ai-agent/message expired workflow,ai_stale,chat after pending_workflow expired,application_selection_expired; workflow cleared,200,pending_workflow,0,Expired workflow not general help.
method,AI-RELIABILITY-METHODS,tests/Feature/AIAgentPendingWorkflowReliabilityTest.php,test_expired_workflow_chat_returns_expired_not_general_help,ai-agent,POST /api/ai-agent/message expired workflow,ai_stale,chat after pending_workflow expired,application_selection_expired; workflow cleared,200,pending_workflow,0,Expired workflow not general help.
method,REL-STALE-STATE-REJECTION-METHODS,tests/Feature/AIAgentPendingWorkflowReliabilityTest.php,test_expired_workflow_chat_returns_expired_not_general_help,ai-agent,POST /api/ai-agent/message expired workflow,ai_stale,chat after pending_workflow expired,application_selection_expired; workflow cleared,200,pending_workflow,0,Expired workflow not general help.
method,AI-STALE-GUARD-METHODS,tests/Feature/AIAgentPendingWorkflowReliabilityTest.php,test_expired_interaction_token_returns_pending_workflow_expired,ai-agent,select_application,ai_stale,token after expiry,422 PENDING_WORKFLOW_EXPIRED,422,selection,0,Expired interaction token rejected.
method,REL-STALE-STATE-REJECTION-METHODS,tests/Feature/AIAgentPendingWorkflowReliabilityTest.php,test_expired_interaction_token_returns_pending_workflow_expired,ai-agent,select_application,ai_stale,token after expiry,422 PENDING_WORKFLOW_EXPIRED,422,selection,0,Expired interaction token rejected.
method,AI-STALE-GUARD-METHODS,tests/Feature/AIAgentPendingWorkflowReliabilityTest.php,test_show_choices_after_expiry_returns_expired_response,ai-agent,show_application_choices_again,ai_stale,after expiry,application_selection_expired,200,pending_workflow,,Post-expiry show-choices expired.
method,REL-STALE-STATE-REJECTION-METHODS,tests/Feature/AIAgentPendingWorkflowReliabilityTest.php,test_show_choices_after_expiry_returns_expired_response,ai-agent,show_application_choices_again,ai_stale,after expiry,application_selection_expired,200,pending_workflow,,Post-expiry show-choices expired.
method,AI-RELIABILITY-METHODS,tests/Feature/AIAgentPendingWorkflowReliabilityTest.php,test_retryable_resume_failure_keeps_pending_workflow,ai-agent,select_application transient failure,ai_recovery,first resume throws then retry OK,422 RETRY_REQUIRED keeps workflow; retry clears,422,pending_workflow,1,Transient failure preserves workflow for retry.
method,REL-RECOVERY-METHODS,tests/Feature/AIAgentPendingWorkflowReliabilityTest.php,test_retryable_resume_failure_keeps_pending_workflow,ai-agent,select_application transient failure,ai_recovery,first resume throws then retry OK,422 RETRY_REQUIRED keeps workflow; retry clears,422,pending_workflow,1,Transient failure preserves workflow for retry.
method,AI-RELIABILITY-METHODS,tests/Feature/AIAgentPendingWorkflowReliabilityTest.php,test_book_appointment_selection_does_not_create_incomplete_pending_action,ai-agent,select_application in book flow,ai_reliability,app selected before slot,no incomplete book_appointment pending action,200,ai_action,0,No incomplete confirmable action created.
method,AI-CANCEL-NO-MUTATION-METHODS,tests/Feature/AIAgentPendingWorkflowReliabilityTest.php,test_book_appointment_selection_does_not_create_incomplete_pending_action,ai-agent,select_application in book flow,ai_reliability,app selected before slot,no incomplete book_appointment pending action,200,ai_action,0,No incomplete confirmable action created.
method,AI-CANCEL-NO-MUTATION-METHODS,tests/Feature/AIAgentPendingWorkflowReliabilityTest.php,test_exact_ma_badi_cancels_pending_workflow,ai-agent,cancel phrase ما بدي,ai_cancel,exact cancel awaiting selection,cancelled; pending_workflow removed,200,pending_workflow,0,Cancel clears pending workflow.
method,AI-RELIABILITY-METHODS,tests/Feature/AIAgentPendingWorkflowReliabilityTest.php,test_exact_ma_badi_cancels_pending_workflow,ai-agent,cancel phrase ما بدي,ai_cancel,exact cancel awaiting selection,cancelled; pending_workflow removed,200,pending_workflow,0,Cancel clears pending workflow.
method,AI-STALE-GUARD-METHODS,tests/Feature/AIAgentPendingWorkflowReliabilityTest.php,test_ma_badi_araaf_al_mokhalafat_switches_to_fines_not_cancel,ai-agent,topic switch then old token,ai_stale,old token after workflow cleared,old select 422,422,selection,0,Stale token invalid after topic switch.
method,AI-RELIABILITY-METHODS,tests/Feature/AIAgentPendingWorkflowReliabilityTest.php,test_ma_badi_araaf_al_mokhalafat_switches_to_fines_not_cancel,ai-agent,topic switch then old token,ai_stale,old token after workflow cleared,old select 422,422,selection,0,Stale token invalid after topic switch.
method,REL-STALE-STATE-REJECTION-METHODS,tests/Feature/AIAgentPendingWorkflowReliabilityTest.php,test_ma_badi_araaf_al_mokhalafat_switches_to_fines_not_cancel,ai-agent,topic switch then old token,ai_stale,old token after workflow cleared,old select 422,422,selection,0,Stale token invalid after topic switch.
method,AI-CANCEL-NO-MUTATION-METHODS,tests/Feature/AIAgentPhase1CriticalActionsTest.php,test_cancel_submit_documents_for_review_does_not_change_application_or_create_audit_notification_or_queue,ai-agent,POST /api/ai-agent/actions/{id}/cancel,ai_cancel,cancel pending submit,Draft unchanged; audits/notifications/queue unchanged,200,application_status,Draft,Cancel has no domain side effects.
method,REL-DUPLICATE-SIDE-EFFECT-METHODS,tests/Feature/AIAgentPhase1CriticalActionsTest.php,test_cancel_submit_documents_for_review_does_not_change_application_or_create_audit_notification_or_queue,ai-agent,POST /api/ai-agent/actions/{id}/cancel,ai_cancel,cancel pending submit,Draft unchanged; audits/notifications/queue unchanged,200,application_status,Draft,Cancel has no domain side effects.
method,AI-STALE-GUARD-METHODS,tests/Feature/AIAgentPhase1CriticalActionsTest.php,test_confirm_submit_documents_for_review_fails_when_application_state_changes_before_confirmation,ai-agent,confirm submit_documents_for_review,ai_stale,external status change before confirm,422; action Failed,422,confirm,0,Stale application state blocks confirm.
method,REL-STALE-STATE-REJECTION-METHODS,tests/Feature/AIAgentPhase1CriticalActionsTest.php,test_confirm_submit_documents_for_review_fails_when_application_state_changes_before_confirmation,ai-agent,confirm submit_documents_for_review,ai_stale,external status change before confirm,422; action Failed,422,confirm,0,Stale application state blocks confirm.
method,AI-STALE-GUARD-METHODS,tests/Feature/AIAgentPhase1CriticalActionsTest.php,test_submit_documents_for_review_fails_when_required_documents_become_rejected_before_confirmation,ai-agent,confirm submit_documents_for_review,ai_stale,docs rejected before confirm,confirm fails stale eligibility,422,confirm,0,Stale document eligibility blocks confirm.
method,REL-STALE-STATE-REJECTION-METHODS,tests/Feature/AIAgentPhase1CriticalActionsTest.php,test_submit_documents_for_review_fails_when_required_documents_become_rejected_before_confirmation,ai-agent,confirm submit_documents_for_review,ai_stale,docs rejected before confirm,confirm fails stale eligibility,422,confirm,0,Stale document eligibility blocks confirm.
method,AI-STALE-GUARD-METHODS,tests/Feature/AIAgentAppointmentMultiSlotFlowTest.php,test_stale_slot_and_expired_and_foreign_token,ai-agent/appointments,select_appointment_slot,ai_stale,slot at capacity; expired workflow; foreign token,422 NO_LONGER_AVAILABLE; 422 EXPIRED; foreign 404,422,slot_select,0,Stale capacity and expired workflow guarded.
method,CONC-APPOINTMENT-METHODS,tests/Feature/AIAgentAppointmentMultiSlotFlowTest.php,test_stale_slot_and_expired_and_foreign_token,ai-agent/appointments,select_appointment_slot,ai_stale,slot at capacity; expired workflow; foreign token,422 NO_LONGER_AVAILABLE; 422 EXPIRED; foreign 404,422,slot_select,0,Stale capacity and expired workflow guarded.
method,REL-STALE-STATE-REJECTION-METHODS,tests/Feature/AIAgentAppointmentMultiSlotFlowTest.php,test_stale_slot_and_expired_and_foreign_token,ai-agent/appointments,select_appointment_slot,ai_stale,slot at capacity; expired workflow; foreign token,422 NO_LONGER_AVAILABLE; 422 EXPIRED; foreign 404,422,slot_select,0,Stale capacity and expired workflow guarded.
method,AI-STALE-GUARD-METHODS,tests/Feature/AIAgentAppointmentMultiSlotFlowTest.php,test_reschedule_end_to_end_and_stale_replacement_slot,ai-agent/appointments,reschedule then select filled slot,ai_stale,candidate slot filled before select,422 APPOINTMENT_SLOT_NO_LONGER_AVAILABLE,422,slot_select,0,Stale replacement slot rejected.
method,CONC-APPOINTMENT-METHODS,tests/Feature/AIAgentAppointmentMultiSlotFlowTest.php,test_reschedule_end_to_end_and_stale_replacement_slot,ai-agent/appointments,reschedule then select filled slot,ai_stale,candidate slot filled before select,422 APPOINTMENT_SLOT_NO_LONGER_AVAILABLE,422,slot_select,0,Stale replacement slot rejected.
method,AI-RELIABILITY-METHODS,tests/Feature/AIAgentAppointmentMultiSlotFlowTest.php,test_reschedule_end_to_end_and_stale_replacement_slot,ai-agent/appointments,reschedule then select filled slot,ai_stale,candidate slot filled before select,422 APPOINTMENT_SLOT_NO_LONGER_AVAILABLE,422,slot_select,0,Stale replacement slot rejected.
method,REL-STALE-STATE-REJECTION-METHODS,tests/Feature/AIAgentAppointmentMultiSlotFlowTest.php,test_reschedule_end_to_end_and_stale_replacement_slot,ai-agent/appointments,reschedule then select filled slot,ai_stale,candidate slot filled before select,422 APPOINTMENT_SLOT_NO_LONGER_AVAILABLE,422,slot_select,0,Stale replacement slot rejected.
method,AI-CANCEL-NO-MUTATION-METHODS,tests/Feature/AIAgentAppointmentMultiSlotFlowTest.php,test_topic_change_and_cancel_phrase_clear_slot_workflow,ai-agent,topic change / ما بدي during slot workflow,ai_cancel,status question then cancel,pending_workflow cleared,200,pending_workflow,0,Topic change and cancel clear slot workflow.
method,AI-RELIABILITY-METHODS,tests/Feature/AIAgentAppointmentMultiSlotFlowTest.php,test_topic_change_and_cancel_phrase_clear_slot_workflow,ai-agent,topic change / ما بدي during slot workflow,ai_cancel,status question then cancel,pending_workflow cleared,200,pending_workflow,0,Topic change and cancel clear slot workflow.
method,AI-STALE-GUARD-METHODS,tests/Feature/AIAgentActionExecutionTest.php,test_cancelled_action_cannot_be_confirmed,ai-agent,confirm cancelled action,ai_stale,confirm after Cancelled,422,422,confirm,0,Cancelled action cannot be confirmed.
method,REL-STALE-STATE-REJECTION-METHODS,tests/Feature/AIAgentActionExecutionTest.php,test_cancelled_action_cannot_be_confirmed,ai-agent,confirm cancelled action,ai_stale,confirm after Cancelled,422,422,confirm,0,Cancelled action cannot be confirmed.
method,AI-RELIABILITY-METHODS,tests/Feature/AIAgentActionExecutionTest.php,test_executed_action_cannot_be_confirmed_again,ai-agent,confirm executed action again,idempotent_reject,second confirm,422 already executed,422,confirm,1,Re-confirm after execute rejected.
method,REL-IDEMPOTENCY-METHODS,tests/Feature/AIAgentActionExecutionTest.php,test_executed_action_cannot_be_confirmed_again,ai-agent,confirm executed action again,idempotent_reject,second confirm,422 already executed,422,confirm,1,Re-confirm after execute rejected.
method,REL-DUPLICATE-SIDE-EFFECT-METHODS,tests/Feature/AIAgentActionExecutionTest.php,test_executed_action_cannot_be_confirmed_again,ai-agent,confirm executed action again,idempotent_reject,second confirm,422 already executed,422,confirm,1,Re-confirm after execute rejected.
method,LIC-DUPLICATE-PREVENTION-METHODS,tests/Feature/AIAgentActionExecutionTest.php,test_confirm_create_application_fails_when_duplicate_active_application_exists,applications,confirm create_application,duplicate_prevention,active duplicate same license/service,422; Failed; still one application,422,application_row,1,Duplicate active application blocked on confirm.
method,AI-RELIABILITY-METHODS,tests/Feature/AIAgentActionExecutionTest.php,test_confirm_create_application_fails_when_duplicate_active_application_exists,applications,confirm create_application,duplicate_prevention,active duplicate same license/service,422; Failed; still one application,422,application_row,1,Duplicate active application blocked on confirm.
method,REL-DUPLICATE-SIDE-EFFECT-METHODS,tests/Feature/AIAgentActionExecutionTest.php,test_confirm_create_application_fails_when_duplicate_active_application_exists,applications,confirm create_application,duplicate_prevention,active duplicate same license/service,422; Failed; still one application,422,application_row,1,Duplicate active application blocked on confirm.
mechanism,IMPL-LOCKFORUPDATE,app/Console/Commands/BackfillLicenseVerificationTokensCommand.php,,,lockForUpdate,call_sites,,1,,,,occurrences in file
mechanism,IMPL-LOCKFORUPDATE,app/Modules/AIAgent/Services/AgentDocumentFlowService.php,,,lockForUpdate,call_sites,,3,,,,occurrences in file
mechanism,IMPL-LOCKFORUPDATE,app/Modules/Admin/Services/DocumentReviewService.php,,,lockForUpdate,call_sites,,2,,,,occurrences in file
mechanism,IMPL-LOCKFORUPDATE,app/Modules/Appointments/Repositories/AppointmentSlotRepository.php,,,lockForUpdate,call_sites,,1,,,,occurrences in file
mechanism,IMPL-LOCKFORUPDATE,app/Modules/Appointments/Services/AppointmentService.php,,,lockForUpdate,call_sites,,6,,,,occurrences in file
mechanism,IMPL-LOCKFORUPDATE,app/Modules/Dashboard/Services/DashboardAccessControlService.php,,,lockForUpdate,call_sites,,6,,,,occurrences in file
mechanism,IMPL-LOCKFORUPDATE,app/Modules/Dashboard/Services/DashboardAppointmentSlotService.php,,,lockForUpdate,call_sites,,3,,,,occurrences in file
mechanism,IMPL-LOCKFORUPDATE,app/Modules/Dashboard/Services/DashboardCitizenService.php,,,lockForUpdate,call_sites,,3,,,,occurrences in file
mechanism,IMPL-LOCKFORUPDATE,app/Modules/Dashboard/Services/DashboardFeeService.php,,,lockForUpdate,call_sites,,3,,,,occurrences in file
mechanism,IMPL-LOCKFORUPDATE,app/Modules/Dashboard/Services/EmployeeSessions/EmployeeSessionService.php,,,lockForUpdate,call_sites,,3,,,,occurrences in file
mechanism,IMPL-LOCKFORUPDATE,app/Modules/Devices/Repositories/PushDeviceRepository.php,,,lockForUpdate,call_sites,,3,,,,occurrences in file
mechanism,IMPL-LOCKFORUPDATE,app/Modules/Fines/Services/FineService.php,,,lockForUpdate,call_sites,,1,,,,occurrences in file
mechanism,IMPL-LOCKFORUPDATE,app/Modules/Licenses/Services/LicenseLifecycleService.php,,,lockForUpdate,call_sites,,1,,,,occurrences in file
mechanism,IMPL-LOCKFORUPDATE,app/Modules/Licenses/Services/LicenseService.php,,,lockForUpdate,call_sites,,8,,,,occurrences in file
mechanism,IMPL-LOCKFORUPDATE,app/Modules/Payments/Services/ApplicationPaymentService.php,,,lockForUpdate,call_sites,,4,,,,occurrences in file
mechanism,IMPL-LOCKFORUPDATE,app/Modules/Payments/Services/PaymentLifecycleService.php,,,lockForUpdate,call_sites,,5,,,,occurrences in file
mechanism,IMPL-LOCKFORUPDATE,app/Modules/Push/Repositories/PushDeliveryRepository.php,,,lockForUpdate,call_sites,,1,,,,occurrences in file
mechanism,IMPL-LOCKFORUPDATE,app/Modules/Tests/Services/TestResultService.php,,,lockForUpdate,call_sites,,2,,,,occurrences in file
mechanism,IMPL-DB-TRANSACTION,app/Console/Commands/BackfillLicenseVerificationTokensCommand.php,,,DB::transaction(,call_sites,,1,,,,occurrences in file
mechanism,IMPL-DB-TRANSACTION,app/Modules/AIAgent/Services/AIAgentActionService.php,,,DB::transaction(,call_sites,,1,,,,occurrences in file
mechanism,IMPL-DB-TRANSACTION,app/Modules/AIAgent/Services/AIAgentService.php,,,DB::transaction(,call_sites,,1,,,,occurrences in file
mechanism,IMPL-DB-TRANSACTION,app/Modules/AIAgent/Services/AgentDocumentFlowService.php,,,DB::transaction(,call_sites,,3,,,,occurrences in file
mechanism,IMPL-DB-TRANSACTION,app/Modules/Admin/Services/DocumentReviewService.php,,,DB::transaction(,call_sites,,2,,,,occurrences in file
mechanism,IMPL-DB-TRANSACTION,app/Modules/Admin/Services/ProfileReviewService.php,,,DB::transaction(,call_sites,,2,,,,occurrences in file
mechanism,IMPL-DB-TRANSACTION,app/Modules/Applications/Repositories/ApplicationRepository.php,,,DB::transaction(,call_sites,,2,,,,occurrences in file
mechanism,IMPL-DB-TRANSACTION,app/Modules/Applications/Services/ApplicationDocumentService.php,,,DB::transaction(,call_sites,,1,,,,occurrences in file
mechanism,IMPL-DB-TRANSACTION,app/Modules/Appointments/Services/AppointmentService.php,,,DB::transaction(,call_sites,,3,,,,occurrences in file
mechanism,IMPL-DB-TRANSACTION,app/Modules/Auth/Services/AuthService.php,,,DB::transaction(,call_sites,,3,,,,occurrences in file
mechanism,IMPL-DB-TRANSACTION,app/Modules/Dashboard/Services/DashboardAccessControlService.php,,,DB::transaction(,call_sites,,7,,,,occurrences in file
mechanism,IMPL-DB-TRANSACTION,app/Modules/Dashboard/Services/DashboardAppointmentSlotService.php,,,DB::transaction(,call_sites,,4,,,,occurrences in file
mechanism,IMPL-DB-TRANSACTION,app/Modules/Dashboard/Services/DashboardAuthService.php,,,DB::transaction(,call_sites,,2,,,,occurrences in file
mechanism,IMPL-DB-TRANSACTION,app/Modules/Dashboard/Services/DashboardCitizenService.php,,,DB::transaction(,call_sites,,3,,,,occurrences in file
mechanism,IMPL-DB-TRANSACTION,app/Modules/Dashboard/Services/DashboardEmployeeService.php,,,DB::transaction(,call_sites,,1,,,,occurrences in file
mechanism,IMPL-DB-TRANSACTION,app/Modules/Dashboard/Services/DashboardFeeService.php,,,DB::transaction(,call_sites,,4,,,,occurrences in file
mechanism,IMPL-DB-TRANSACTION,app/Modules/Dashboard/Services/DashboardLicenseTypeService.php,,,DB::transaction(,call_sites,,3,,,,occurrences in file
mechanism,IMPL-DB-TRANSACTION,app/Modules/Dashboard/Services/DashboardServiceTypeService.php,,,DB::transaction(,call_sites,,3,,,,occurrences in file
mechanism,IMPL-DB-TRANSACTION,app/Modules/Dashboard/Services/EmployeeSessions/EmployeeSessionService.php,,,DB::transaction(,call_sites,,4,,,,occurrences in file
mechanism,IMPL-DB-TRANSACTION,app/Modules/Dashboard/Services/RbacBootstrapService.php,,,DB::transaction(,call_sites,,1,,,,occurrences in file
mechanism,IMPL-DB-TRANSACTION,app/Modules/Devices/Services/PushDeviceService.php,,,DB::transaction(,call_sites,,1,,,,occurrences in file
mechanism,IMPL-DB-TRANSACTION,app/Modules/Fines/Services/FineService.php,,,DB::transaction(,call_sites,,1,,,,occurrences in file
mechanism,IMPL-DB-TRANSACTION,app/Modules/Licenses/Services/LicenseLifecycleService.php,,,DB::transaction(,call_sites,,1,,,,occurrences in file
mechanism,IMPL-DB-TRANSACTION,app/Modules/Licenses/Services/LicenseService.php,,,DB::transaction(,call_sites,,6,,,,occurrences in file
mechanism,IMPL-DB-TRANSACTION,app/Modules/Payments/Services/ApplicationPaymentService.php,,,DB::transaction(,call_sites,,2,,,,occurrences in file
mechanism,IMPL-DB-TRANSACTION,app/Modules/Payments/Services/PaymentLifecycleService.php,,,DB::transaction(,call_sites,,3,,,,occurrences in file
mechanism,IMPL-DB-TRANSACTION,app/Modules/Push/Services/PushDeliveryService.php,,,DB::transaction(,call_sites,,2,,,,occurrences in file
mechanism,IMPL-DB-TRANSACTION,app/Modules/Tests/Services/TestResultService.php,,,DB::transaction(,call_sites,,1,,,,occurrences in file
mechanism,IMPL-DB-AFTERCOMMIT,app/Modules/Notifications/Services/NotificationService.php,,notifications,DB::afterCommit(,call_sites,,1,,,,NotificationService::runAfterCommit
optimistic_entity,CONC-OPTIMISTIC-ENTITIES,,,AppointmentSlot,version,optimistic_version,stale version,conflict,409,,,version column
optimistic_entity,CONC-OPTIMISTIC-ENTITIES,,,Role,version,optimistic_version,stale version,conflict,409,,,version column
optimistic_entity,CONC-OPTIMISTIC-ENTITIES,,,Fee,version,optimistic_version,stale version,conflict,409,,,version column
db_invariant,REL-DB-INVARIANTS-TESTED,,,schema,payments.settled_obligation_key,tested,,TESTED,,,,PaymentConcurrencyAndIntegrityTest::test_settled_obligation_key_unique
db_invariant,REL-DB-INVARIANTS,,,schema,payments.active_obligation_key,untested,,UNTESTED,,,,UNTESTED direct constraint
db_invariant,REL-DB-INVARIANTS-TESTED,,,schema,"payments.(provider,provider_reference)",tested,,TESTED,,,,PaymentConcurrencyAndIntegrityTest::test_provider_reference_unique_constraint
db_invariant,REL-DB-INVARIANTS,,,schema,"payment_gateway_events.(provider,event_id)",untested,,UNTESTED,,,,Webhook idempotency is behavioral not QueryException
db_invariant,REL-DB-INVARIANTS-TESTED,,,schema,notifications.event_key,tested,,TESTED,,,,NotificationIdempotencyTest::test_same_event_key_does_not_duplicate
db_invariant,REL-DB-INVARIANTS-TESTED,,,schema,push_deliveries.delivery_key,tested,,TESTED,,,,PushDeliveryPlanningTest::test_delivery_key_uniqueness_enforced
db_invariant,REL-DB-INVARIANTS-TESTED,,,schema,push_devices.token_hash,tested,,TESTED,,,,PushDeviceTokenRotationTest::test_token_uniqueness_constraint_is_enforced_at_database_level
db_invariant,REL-DB-INVARIANTS,,,schema,"push_devices.(user_id,device_id)",untested,,UNTESTED,,,,UNTESTED direct
db_invariant,REL-DB-INVARIANTS,,,schema,licenses.license_number,untested,,UNTESTED,,,,UNTESTED direct
db_invariant,REL-DB-INVARIANTS,,,schema,licenses.verification_token,untested,,UNTESTED,,,,UNTESTED direct
db_invariant,REL-DB-INVARIANTS-TESTED,,,schema,fees.identity_key,tested,,TESTED,,,,DashboardFeesManagementTest::test_create_rejects_duplicate_identity
db_invariant,REL-DB-INVARIANTS-TESTED,,,schema,appointment_slots.identity_key,tested,,TESTED,,,,DashboardAppointmentSlotsTest::test_create_rejects_duplicate_and_ignores_client_booked_count
claim,,,,,,VERIFIED,,Duplicate payment initiation reuses the active attempt (idempotent create),,,,
claim,,,,,,VERIFIED,,Duplicate Stripe webhook processing is idempotent in the tested checkout.session.completed flow,,,,
claim,,,,,,VERIFIED,,"Concurrent booking tests resulted in zero overbooking for the covered capacity=1 scenario (success=1, failure=1, booked_count=1)",,,,Sequential HTTP loop in PHPUnit — not OS-thread parallelism
claim,,,,,,VERIFIED,,License issuance re-validates readiness at mutation time and rejects stale eligibility (GET readiness is advisory),,,,DashboardLicenseIssuanceQueueTest::test_stale_condition_causes_issue_license_422_after_ready_get
claim,,,,,,VERIFIED,,"Optimistic version conflicts return HTTP 409 for AppointmentSlot, Fee, and Role",,,,
claim,,,,,,VERIFIED,,Notification event_key and push delivery_key prevent duplicate side effects in tested flows,,,,
claim,,,,,,PARTIALLY VERIFIED,,afterCommit / notification isolation: rolled-back business TX creates no notification; notification persist failure does not roll back business success,,,,Rollback/isolation proven; positive production afterCommit emit not Feature-proven
claim,,,,,,PARTIALLY VERIFIED,,"Application-level recoverability exists for push leases, employee sessions, and license expiry sync",,,,Payment reconcile implemented but unmeasured; not disaster recovery
claim,,,,,,DO NOT CLAIM,,Payment reconcile is fully measured by Feature tests,,,,IMPLEMENTED BUT UNMEASURED
claim,,,,,,DO NOT CLAIM,,The entire platform is race-condition free / exactly-once processing is guaranteed system-wide / the system is fault tolerant,,,,
claim,,,,,,DO NOT CLAIM,,RPO / RTO / disaster-recovery backup restoration,,,,Not measured
claim,,,,,,DO NOT CLAIM,,OS-thread true parallel booking stress tested,,,,
gap,,,,,,High,High (money),Feature test for payment reconcile (ReconcilePendingPaymentsCommand / PaymentReconciliationService) proving recover stuck/paid sessions without double-settle,,,,Med
gap,,,,,,High,High (duplicate license),Issuance race: two employees issue same ready application concurrently,,,,Med
gap,,,,,,High,Med–High (overbook),True parallel/OS-thread booking stress beyond sequential HTTP loop,,,,Med–High
gap,,,,,,High,Med,"Additional forced-rollback atomicity tests outside notifications (payment settle, license issue, appointment book)",,,,Med
gap,,,,,,Med–High,Med,Positive production-mode afterCommit emit test (notify appears only after commit),,,,Med
gap,,,,,,Med,Med,"Direct QueryException tests for active_obligation_key, gateway event unique, license_number/verification_token, push (user_id,device_id)",,,,Low
gap,,,,,,Med,Med,Concurrent behavioral tests for FineService and TestResultService lockForUpdate sites,,,,Med
